avg_val_loss,min_val_loss,final_val_loss,learning_rate,batch_size,dropout1,dropout2,hidden_size1,hidden_size2
0.11240216034357664,0.11088346347945635,0.11088346347945635,0.0005,128,0.3,0.2,256,128
0.11339109671897576,0.11140796163531601,0.11345076487689722,0.001,128,0.3,0.3,256,128
0.11414625307575602,0.11143095498202277,0.11551150948297782,0.001,128,0.4,0.1,256,128
0.11490089197139271,0.11243416393389467,0.11243416393389467,0.001,128,0.3,0.2,128,128
0.1149428467770092,0.11178456747629603,0.12027279751711205,0.0005,128,0.3,0.1,256,128
0.11512833921635737,0.1108828182103204,0.11150485985591764,0.0005,128,0.2,0.1,128,128
0.11520570592313514,0.1103395516755151,0.13063050146962776,0.001,128,0.4,0.1,256,64
0.11534076115635575,0.11047806981645647,0.1183702111488483,0.001,128,0.2,0.1,128,64
0.11549559394355682,0.11280597172311095,0.11815107479447225,0.001,128,0.2,0.1,256,128
0.11555032610404688,0.11411345114961999,0.11890602698091601,0.0005,128,0.4,0.1,256,128
0.11574815382234385,0.11429782016355483,0.11434670036933461,0.001,128,0.4,0.1,128,64
0.11683813680390842,0.1117393577196559,0.1117393577196559,0.001,128,0.2,0.2,256,128
0.11684056921083419,0.11216665743315807,0.11990994666932059,0.001,128,0.2,0.1,256,64
0.11716854916732819,0.11142136144344925,0.11142136144344925,0.001,128,0.4,0.2,256,128
0.1172964949099744,0.11252308868971027,0.11402720701499064,0.001,128,0.2,0.3,256,128
0.11734029877869809,0.11353812281225549,0.11396411183427592,0.001,128,0.4,0.1,128,128
0.11780860157775097,0.11449474181796683,0.11971911348280359,0.001,128,0.3,0.2,256,32
0.11792231417638213,0.11489227278666063,0.11755046353113553,0.0005,64,0.3,0.1,256,128
0.11799782060208867,0.11363726658899276,0.11838060238810837,0.001,128,0.2,0.2,64,128
0.11800302279288652,0.1149328705228743,0.11735934202299743,0.001,128,0.2,0.3,256,64
0.11804954199517362,0.11486538389667136,0.11919983378687843,0.0005,128,0.2,0.2,64,128
0.11805114514571576,0.11100258259487546,0.132119890086907,0.001,64,0.3,0.1,256,128
0.11805827507718665,0.11366079857603448,0.11621322946958855,0.001,128,0.2,0.1,64,64
0.11837209768471171,0.11484839156514308,0.11955720235089787,0.001,128,0.4,0.2,64,128
0.11837920612487637,0.11541797990193133,0.11541797990193133,0.0005,128,0.2,0.2,256,64
0.11858570625589897,0.1149790188189873,0.1149790188189873,0.0005,32,0.4,0.1,256,128
0.11886476278305054,0.11488798114119983,0.11829365850960621,0.0005,128,0.2,0.2,256,128
0.11899509153893736,0.11490534991025925,0.11490534991025925,0.001,128,0.2,0.3,256,32
0.11900627158704351,0.11463891714811325,0.11938073107453644,0.0005,128,0.4,0.3,256,128
0.11903079936250312,0.11569234350177109,0.11948934869199503,0.001,128,0.4,0.3,256,64
0.11918393871015753,0.1157148929913182,0.1166239969493929,0.001,64,0.4,0.1,256,128
0.11922138047511459,0.11638021469116211,0.118895059848418,0.0005,128,0.2,0.2,128,128
0.11926009110251412,0.11749206129156176,0.11749206129156176,0.0005,128,0.3,0.2,128,64
0.11946450445007106,0.11559417880460864,0.11591347404679314,0.0005,128,0.3,0.3,256,64
0.1195371915116783,0.11420268633148888,0.11553922006167656,0.001,64,0.2,0.1,256,64
0.1195737588356753,0.11201060551111816,0.11336691531001544,0.001,128,0.3,0.1,256,128
0.11967216158499483,0.11619842931872508,0.11737932887722234,0.001,128,0.4,0.3,128,64
0.11968777414934695,0.1164398242619412,0.12064414289741476,0.001,32,0.3,0.2,256,64
0.11970417737837666,0.1152086225607671,0.11566533582392803,0.0005,32,0.2,0.1,128,128
0.11975578924671548,0.11488911289660657,0.11828643449994385,0.001,128,0.3,0.2,64,128
0.11991047442944583,0.11766411327133494,0.11766411327133494,0.0005,64,0.3,0.2,256,64
0.11993065503288487,0.11716837338248237,0.11716837338248237,0.001,128,0.2,0.3,64,64
0.11994275321237377,0.11326491197601693,0.12727518135406932,0.001,128,0.3,0.1,128,128
0.11994898292373438,0.11383355445549136,0.11383355445549136,0.001,128,0.4,0.3,256,128
0.12000466506989275,0.11595726794883852,0.12167802208759745,0.0005,128,0.4,0.2,256,128
0.12002022410513927,0.11811773136990969,0.12055137387064636,0.001,128,0.4,0.3,128,32
0.12004880484987479,0.11461585210483582,0.1179135081465127,0.001,128,0.4,0.3,128,128
0.12005513870149605,0.11821095996405467,0.1186311411832975,0.0005,32,0.2,0.2,128,64
0.12011391187994933,0.11396783017668842,0.11396783017668842,0.0005,32,0.3,0.1,256,128
0.12022216529393,0.1175758780773021,0.1175758780773021,0.0005,64,0.3,0.2,128,64
0.12028661038054796,0.11683796016407795,0.11683796016407795,0.001,128,0.3,0.3,64,64
0.12040848309387926,0.11433225674707381,0.12245306934489579,0.0005,128,0.2,0.3,64,128
0.12046885284756828,0.11398247974224326,0.11398247974224326,0.0005,32,0.2,0.1,256,128
0.12051335753964595,0.11232451679276638,0.11519726023810808,0.001,128,0.3,0.2,128,64
0.12054859140857319,0.11612325662472209,0.12403442026650319,0.0005,128,0.3,0.3,256,128
0.12065076378525282,0.11224934568659203,0.11224934568659203,0.001,128,0.2,0.1,128,128
0.12066676240475452,0.11455655378884956,0.12902737543231152,0.0005,128,0.3,0.1,128,128
0.12066907760549764,0.116956463480582,0.11700460241466272,0.001,128,0.3,0.1,64,32
0.12084127803806399,0.1172391228744241,0.12262732266891198,0.0005,128,0.4,0.1,64,128
0.12085417873058164,0.1130023448437941,0.116981497675669,0.001,128,0.2,0.1,64,128
0.12086020876638226,0.11341169195585564,0.11467896475166571,0.0005,128,0.2,0.1,256,64
0.12091639093199716,0.11528631739440512,0.12030350319186195,0.001,128,0.4,0.2,128,32
0.1209449828403895,0.11395863895533515,0.11740067882127449,0.001,128,0.2,0.1,128,32
0.12098999893079039,0.11715299929263162,0.11715299929263162,0.0005,128,0.2,0.1,64,64
0.1210066959750457,0.11776198507820973,0.12429554332963756,0.0005,128,0.3,0.2,256,64
0.12113362848758698,0.11688609592250136,0.12893803417682648,0.0005,128,0.3,0.1,64,128
0.1211445841144343,0.11980928468411087,0.11980928468411087,0.0005,128,0.4,0.3,64,128
0.12124515781637098,0.11738013195209816,0.12281885303434778,0.0005,128,0.2,0.2,128,32
0.1212727701321977,0.11487527301565545,0.12017814179912942,0.001,128,0.2,0.2,64,64
0.12128698141737418,0.11794236573305997,0.11794236573305997,0.0005,32,0.4,0.2,256,128
0.12131592843158186,0.11835154915644118,0.11835154915644118,0.001,32,0.4,0.2,128,32
0.12133719901408044,0.11506927807715313,0.11506927807715313,0.001,64,0.2,0.3,256,32
0.12137155909030165,0.11491285655342165,0.11921595207980422,0.001,128,0.3,0.2,128,32
0.12137168338064289,0.11386781601143665,0.11386781601143665,0.001,128,0.3,0.2,256,64
0.12140924354068568,0.11851421633704765,0.12210328412837669,0.0005,128,0.4,0.2,64,64
0.12142608791343437,0.11614436613134116,0.11614436613134116,0.0005,32,0.3,0.2,256,64
0.12154146988283503,0.11443703005875437,0.11971440289385063,0.0005,64,0.2,0.1,64,32
0.12156145856028697,0.11772323766204178,0.12114682793617249,0.001,128,0.4,0.2,256,64
0.12158664325790958,0.11745871172463598,0.12245071876393862,0.0005,64,0.2,0.2,128,64
0.12170649065834578,0.11717914154783624,0.12851521091871573,0.0005,128,0.2,0.2,128,64
0.12178183305458945,0.11464339861127197,0.13176103217191384,0.001,128,0.2,0.2,256,64
0.12180065073011334,0.11550372315586106,0.11550372315586106,0.0005,64,0.4,0.1,128,64
0.12180877868547912,0.11662971132919808,0.12220571621144113,0.0005,32,0.2,0.2,256,128
0.12183245414914179,0.11500681382565459,0.1315177574384311,0.001,32,0.4,0.2,256,128
0.12189917153999455,0.11713460661837312,0.11713460661837312,0.001,128,0.4,0.1,128,32
0.12194439721378414,0.11452820872472337,0.12194787710905075,0.001,32,0.2,0.3,256,128
0.12198089653056517,0.11714069726915399,0.1187873270270253,0.0005,32,0.4,0.3,256,128
0.12201646178468199,0.11668369004672224,0.11977371006957756,0.0005,32,0.2,0.2,64,128
0.12208627933850054,0.11534299811378854,0.11789936670025841,0.0005,128,0.3,0.1,256,64
0.12209655573545408,0.11508277354161602,0.11739895412744569,0.0005,64,0.4,0.1,256,128
0.12214323993100495,0.11920224179009922,0.11920224179009922,0.0005,128,0.2,0.3,128,128
0.12216485289276624,0.11321439703956979,0.14670070883680564,0.001,128,0.4,0.2,128,128
0.12217138722294667,0.1184362394155049,0.1184362394155049,0.0005,128,0.4,0.1,128,32
0.12227550632640964,0.11918146236509573,0.13039835053877752,0.0005,128,0.4,0.1,128,128
0.12230336785562768,0.11823254977622308,0.12041864488735672,0.0005,64,0.2,0.2,128,128
0.12235679860974921,0.11771469917453703,0.12497524709486571,0.001,128,0.4,0.3,64,128
0.12251213434313939,0.11495764584334428,0.11906102662983019,0.0005,64,0.3,0.2,256,128
0.12251654724117185,0.11632092174936513,0.12363307214662676,0.001,128,0.2,0.2,256,32
0.12252089952634386,0.1161011084298457,0.12403318636919841,0.0005,64,0.2,0.1,256,128
0.12260975393115496,0.11728738370488902,0.11906780571234031,0.0005,128,0.2,0.1,128,64
0.12267500494347243,0.11555704169097494,0.11555704169097494,0.001,128,0.3,0.3,128,128
0.12291914476234407,0.11867491143648742,0.11988091029104639,0.0005,128,0.3,0.3,256,32
0.12292991661634603,0.11700309764166347,0.12415012705032943,0.0005,128,0.3,0.1,256,32
0.12293058865871584,0.11813184985371887,0.11813184985371887,0.001,128,0.3,0.3,128,64
0.12296426192788053,0.11982664656786879,0.12131478421944232,0.0005,64,0.4,0.1,64,32
0.12300320573028971,0.11226588108989059,0.12970530608149825,0.001,128,0.2,0.3,128,128
0.12322659611948265,0.11666943674737756,0.1291118972311335,0.0005,64,0.2,0.2,256,128
0.12322836320419779,0.11970140626196002,0.12893563875409422,0.001,128,0.4,0.1,64,32
0.12325511723756791,0.11397915505919574,0.1287040494936557,0.001,64,0.3,0.1,128,64
0.12328608914101417,0.11971020581554775,0.12376062688994999,0.0005,64,0.4,0.1,64,64
0.12341575473546981,0.11504560659739597,0.11504560659739597,0.0005,64,0.2,0.1,128,64
0.1234758073202342,0.11885244463962957,0.11968895842221157,0.001,32,0.4,0.2,256,32
0.12353175548744984,0.11856824868038053,0.11856824868038053,0.0005,128,0.2,0.3,128,64
0.12354966988248273,0.1133045313402641,0.11904373623369154,0.0005,64,0.4,0.2,256,128
0.12355908424150748,0.1176594398060783,0.12484466748648003,0.001,128,0.4,0.1,64,128
0.12360109528068638,0.11588652664032138,0.1179447870274059,0.001,128,0.3,0.2,64,64
0.1236207363791153,0.12139349076591555,0.12139349076591555,0.0005,128,0.4,0.2,128,32
0.1236401579227329,0.11515395404878727,0.12625445782645675,0.001,64,0.4,0.3,256,128
0.12368730036926663,0.11535503419716496,0.12903591430137965,0.0005,64,0.4,0.1,128,128
0.12371691003686092,0.11715508606590208,0.12552594601130876,0.001,128,0.2,0.2,128,32
0.12372061299984574,0.11841400627230035,0.12462651143308545,0.001,128,0.2,0.3,128,32
0.12377168787795989,0.11900298517258441,0.1298278796135402,0.0005,128,0.4,0.3,256,64
0.12378804975551021,0.11740698893208149,0.11740698893208149,0.0005,64,0.3,0.1,128,128
0.1238314151763916,0.12248192177932771,0.12406045222868685,0.0005,128,0.3,0.3,64,128
0.1238663213065833,0.11873567935602725,0.12338923102568004,0.0005,64,0.2,0.2,64,64
0.12388854934410616,0.11765726421736489,0.1224112876436927,0.001,64,0.4,0.2,128,32
0.12388936735567499,0.11733152937205112,0.12304853244883115,0.001,128,0.4,0.3,64,64
0.12389974889676433,0.11380559520041647,0.11612875851964162,0.001,64,0.2,0.2,64,64
0.12390971715785255,0.11615580677493545,0.11805332181128589,0.0005,64,0.3,0.3,256,128
0.12395023066000861,0.11600695281732278,0.11600695281732278,0.001,128,0.4,0.1,64,64
0.12395104706779984,0.1113352297135621,0.12106226680199962,0.001,64,0.3,0.2,256,64
0.12397688352618334,0.11321721737049828,0.1258790264568053,0.001,64,0.2,0.2,256,64
0.12397998593381195,0.12144330168356661,0.12227697829242612,0.0005,128,0.4,0.2,128,128
0.12398810139126029,0.11578985556098055,0.13222255514672965,0.0005,64,0.2,0.1,64,64
0.12401946199233413,0.11590399251120989,0.11707184708020726,0.0005,128,0.2,0.1,256,128
0.12403318571650293,0.11780114979906516,0.12244685345198497,0.0005,32,0.4,0.2,128,64
0.12404037803904085,0.12122117216922035,0.12122117216922035,0.001,64,0.4,0.3,64,64
0.12407590399596317,0.11713382330807773,0.12105421247807416,0.0005,32,0.4,0.1,128,64
0.12408319462921993,0.1178768317192054,0.13700401998502165,0.001,64,0.3,0.3,256,128
0.12409193508388583,0.11871165535913027,0.1283049602523323,0.001,32,0.4,0.3,256,32
0.12409390079193428,0.11791118649674244,0.1231603340291586,0.001,128,0.3,0.2,256,128
0.12409891017581806,0.11587063632597608,0.13072287987086398,0.0005,32,0.2,0.2,128,128
0.1241452154972829,0.11931764977899464,0.11931764977899464,0.0005,32,0.2,0.1,128,32
0.1241657524562079,0.11686700249999023,0.12589651330812904,0.0005,32,0.2,0.1,256,64
0.12418745892230143,0.11803697397516778,0.11927244387382319,0.001,32,0.4,0.1,128,128
0.12422633820869884,0.11195371299982071,0.11195371299982071,0.001,128,0.3,0.1,64,128
0.12426099623284063,0.11832693163767334,0.1267669106687396,0.001,64,0.2,0.2,128,32
0.12427614891578342,0.1180937996457431,0.1180937996457431,0.0005,64,0.4,0.1,64,128
0.12429657319530112,0.1186052459429522,0.13319950587436802,0.001,128,0.2,0.2,64,32
0.12433255131333328,0.11846208652435256,0.12244879762249544,0.0005,64,0.2,0.1,256,64
0.1244449319179393,0.11630165887888798,0.11964298704685258,0.001,32,0.2,0.2,128,64
0.12449028880381194,0.11863783368321716,0.13468568967502625,0.0005,128,0.4,0.2,64,128
0.1244969427708752,0.11898350771054748,0.12791102102472762,0.0005,64,0.2,0.2,128,32
0.12451974483298474,0.11732057091154036,0.11732057091154036,0.001,128,0.2,0.3,64,32
0.12453958882280618,0.11778744402503179,0.11778744402503179,0.001,64,0.3,0.3,128,32
0.12456356474190704,0.11709343598893851,0.12750436134697976,0.001,32,0.3,0.3,256,32
0.12458958652886479,0.1147656564192831,0.1147656564192831,0.0005,32,0.2,0.3,256,128
0.12459854715126603,0.11910185969072926,0.12916341109955606,0.001,64,0.4,0.3,128,64
0.12461680339510776,0.1162548047944534,0.1330213816143757,0.001,32,0.3,0.2,256,128
0.12467306139301662,0.11816698054144205,0.1271649228393539,0.001,64,0.2,0.2,128,64
0.1247171720197378,0.11313786123656044,0.12608458286474558,0.001,64,0.4,0.2,256,64
0.12476937384879003,0.119352895094723,0.12040984398517453,0.001,128,0.2,0.1,256,32
0.12477925842212252,0.11731307066915449,0.1206673434820057,0.001,64,0.3,0.1,128,32
0.1248457946991625,0.11658272495077661,0.12077095861400454,0.0005,32,0.3,0.2,256,128
0.12486354558428456,0.11504233979489192,0.13941674956605454,0.001,64,0.2,0.3,256,64
0.12487758389435526,0.11929789154736464,0.12737880117637068,0.0005,64,0.4,0.1,256,64
0.12488956517917064,0.11926029357782081,0.12329111457609933,0.001,64,0.4,0.3,64,128
0.12500802312718062,0.11798434790040625,0.13642524549218474,0.0005,128,0.3,0.1,64,64
0.12501186115331336,0.1182527771738709,0.12708739594357912,0.001,128,0.3,0.1,256,32
0.1250313840375459,0.12027605626085573,0.12576407018648691,0.0005,32,0.2,0.2,64,64
0.12506879919077737,0.11917283404464564,0.13004405427077584,0.0005,64,0.4,0.1,256,32
0.125082239166635,0.11757323890924454,0.14078395361783075,0.0005,128,0.2,0.3,256,64
0.12511556734804247,0.11901287331444318,0.13796360009029263,0.0005,128,0.3,0.1,128,64
0.1251882865655521,0.12105139117102978,0.12273649988341923,0.0005,64,0.3,0.3,128,64
0.1252919261736318,0.12068755715346534,0.1258249200326352,0.0005,64,0.3,0.2,128,32
0.12534401521819535,0.11948041862151662,0.14082891420751323,0.0005,128,0.2,0.1,64,128
0.1253444048469184,0.1186356859617546,0.1430063814413352,0.001,128,0.3,0.2,64,32
0.12537633274828106,0.11912442697596944,0.13039904016970602,0.0005,32,0.2,0.1,128,64
0.12540801080667283,0.11695788489762417,0.12920258114160585,0.001,32,0.3,0.2,64,128
0.12540829742004064,0.12153674914570879,0.12254358557137576,0.0005,64,0.3,0.2,64,128
0.12548468015233025,0.12262842718695031,0.12481902796225469,0.0005,128,0.4,0.1,64,32
0.12551267716633385,0.11812426396145308,0.13749652201971732,0.0005,32,0.2,0.3,256,64
0.12552317437089858,0.11894981526449079,0.13270379407484023,0.001,128,0.3,0.3,128,32
0.12553802323489152,0.12028277172776293,0.12353905247262686,0.0005,32,0.3,0.1,256,32
0.12554027687330716,0.12342997994579252,0.12426964621074864,0.0005,128,0.2,0.2,64,32
0.12560700743405287,0.11655751529557645,0.13801752437244763,0.001,64,0.2,0.2,256,32
0.12561821556482158,0.11379393703136288,0.11379393703136288,0.0005,128,0.2,0.3,256,128
0.12565587428975694,0.11852045024722076,0.1294599340782185,0.001,32,0.4,0.2,64,128
0.1256626385302583,0.11708681245357537,0.13584221320703996,0.001,32,0.3,0.1,256,64
0.12571764846971212,0.11657689437885915,0.13829591106777347,0.0005,64,0.4,0.3,256,128
0.1257231858177263,0.11391430128304685,0.11391430128304685,0.001,128,0.3,0.1,64,64
0.12574365840094986,0.11359686917457425,0.11359686917457425,0.001,128,0.4,0.1,256,32
0.1258182932091646,0.11700555793017395,0.12908162521429298,0.001,32,0.4,0.1,256,128
0.12581858808388474,0.11801324393905577,0.13981402555450065,0.001,128,0.3,0.3,256,64
0.12587262310765007,0.11891573125665839,0.12193475097171531,0.0005,64,0.2,0.3,128,128
0.1259366283547287,0.12238781003296868,0.1264626644859629,0.0005,32,0.3,0.2,64,128
0.12593857629978952,0.12039067734740982,0.12563459904602736,0.001,32,0.4,0.2,64,64
0.12610193503297065,0.12029045764818665,0.12235640303408804,0.001,32,0.4,0.1,256,32
0.12612651388876694,0.11973641609603708,0.13265249524111591,0.0005,32,0.3,0.3,64,64
0.12613950215402198,0.11344780907279155,0.14735670851879432,0.001,128,0.2,0.2,128,128
0.1261593105502365,0.11481584971847612,0.11520257284326002,0.001,64,0.4,0.2,128,128
0.12618715194754365,0.12117203777609778,0.1292545791746171,0.001,32,0.4,0.1,128,32
0.12620245262247617,0.12112035284765431,0.12112035284765431,0.001,128,0.3,0.3,64,32
0.1262259199291714,0.11837220044175456,0.12896035971843506,0.0005,32,0.2,0.2,128,32
0.12624633351310355,0.12192815175799072,0.1375017004912017,0.0005,128,0.2,0.3,64,64
0.12625023852117725,0.11821898427165922,0.12215493008738658,0.0005,128,0.4,0.1,64,64
0.12632869379442246,0.11254118175291625,0.1450763552403841,0.001,128,0.2,0.2,128,64
0.12633494397655862,0.12031525800951191,0.12327497379213083,0.0005,128,0.2,0.2,256,32
0.12635172711423606,0.11844926887799885,0.12109902667358888,0.001,64,0.4,0.1,64,32
0.1263628625723182,0.11836096412334286,0.11836096412334286,0.0005,128,0.3,0.2,64,64
0.12638513814718996,0.12014699238734167,0.12317761925400281,0.0005,128,0.4,0.1,256,64
0.1263903536757485,0.11829968187652651,0.11829968187652651,0.001,128,0.2,0.3,64,128
0.12640325828524662,0.11564507901914849,0.13514439318298307,0.001,64,0.3,0.2,256,128
0.12641553887404686,0.11808709837188405,0.1211389093544365,0.001,32,0.2,0.2,128,128
0.12643094964879603,0.12053875766756121,0.12636800920051977,0.001,32,0.3,0.2,64,32
0.12645567658026355,0.12072165061003906,0.12878412399287067,0.0005,32,0.4,0.3,128,128
0.126458283643092,0.12070368587478134,0.131125351183178,0.0005,32,0.3,0.2,64,32
0.1264931299158784,0.12196336027051581,0.13024788166655868,0.001,128,0.4,0.3,256,32
0.12653839695305863,0.11954930252280117,0.12994496949201773,0.001,64,0.2,0.3,64,32
0.1265404416509896,0.11914230661451324,0.12175314842669432,0.0005,64,0.2,0.2,64,32
0.12657885467710575,0.1157259377689401,0.13098126896156753,0.001,64,0.4,0.2,256,128
0.12658566740795602,0.11823852178602179,0.14066976755241717,0.001,32,0.3,0.3,64,64
0.12661062041836335,0.1176013753187558,0.11986650027765715,0.001,64,0.4,0.1,64,64
0.12661292570189012,0.11894719468906892,0.12041281656292845,0.0005,64,0.4,0.2,64,128
0.12662328113455418,0.11742451509907226,0.118993490995947,0.001,32,0.3,0.1,64,32
0.12666444944695007,0.12151617014949972,0.12151617014949972,0.0005,64,0.4,0.3,128,128
0.12666654601448873,0.12512648484257402,0.13010885859610605,0.0005,128,0.2,0.2,64,64
0.12669650239269598,0.11940424864696077,0.12363200511567848,0.0005,32,0.2,0.3,128,64
0.12671272420003765,0.11622977378915568,0.15851595167253837,0.001,128,0.2,0.1,64,32
0.12672974616904892,0.11961942871124291,0.1224373053790124,0.0005,32,0.2,0.2,256,32
0.126736066810602,0.11644977401972802,0.11644977401972802,0.001,32,0.3,0.2,128,128
0.1267587480730698,0.1167642124852196,0.1167642124852196,0.001,128,0.4,0.2,128,64
0.12676328801788575,0.1180774246550296,0.1275055892457647,0.0005,32,0.4,0.2,128,32
0.12677338434891267,0.11487112874703959,0.12986677755747944,0.0005,32,0.2,0.2,256,64
0.12678771966793498,0.12025288003878515,0.1264237568515246,0.001,128,0.2,0.3,128,64
0.12682893278657412,0.12279411307612403,0.12459714234363838,0.0005,128,0.4,0.2,128,64
0.1268991829674752,0.11971787277792321,0.1206556529295249,0.0005,128,0.2,0.1,256,32
0.1269068581403279,0.12331328235688757,0.12331328235688757,0.0005,128,0.2,0.1,128,32
0.1269092305761869,0.12054939299333291,0.12832734049832234,0.0005,128,0.3,0.3,128,64
0.12704412816477217,0.11631448043525712,0.12824040839125303,0.0005,32,0.4,0.1,128,128
0.12709056355736473,0.11599550975009429,0.1175143723645486,0.0005,64,0.3,0.1,128,32
0.12711093298906134,0.11605738097232235,0.11605738097232235,0.001,32,0.3,0.1,128,64
0.127181934797373,0.12074950740474169,0.12134864205708269,0.0005,128,0.4,0.2,256,32
0.12719483836130663,0.11921820078383792,0.11921820078383792,0.0005,32,0.3,0.3,128,128
0.12719909543833458,0.12026800615482094,0.12452360064037575,0.0005,64,0.3,0.1,64,64
0.1272996422453005,0.1203701562080227,0.1294244862482196,0.001,128,0.3,0.3,256,32
0.1273340795372353,0.12196594452271696,0.12559826330083315,0.0005,128,0.3,0.2,64,32
0.1273443330725855,0.11541608594788992,0.13427443171212497,0.001,32,0.2,0.2,256,128
0.12738754654028378,0.1256301443352074,0.12777807282619788,0.0005,128,0.3,0.1,128,32
0.12739705620718395,0.12102241666356395,0.12863838875835593,0.0005,64,0.4,0.2,128,64
0.12743590459350712,0.11990658138409134,0.12229452380710397,0.0005,64,0.3,0.3,64,64
0.1274898410459195,0.11914618707392827,0.12102951734396052,0.0005,32,0.2,0.1,64,128
0.12749669630665422,0.11643766525609434,0.12716833391219132,0.001,64,0.3,0.2,256,32
0.12754107418118932,0.12445629852228478,0.130591627271449,0.0005,128,0.4,0.3,128,128
0.12754925325636035,0.1173918656696958,0.11823180373296265,0.0005,64,0.2,0.3,128,64
0.12759750360836747,0.12468594129456849,0.13133604592475734,0.0005,128,0.2,0.3,256,32
0.12766272760619804,0.11783922771530703,0.11783922771530703,0.0005,64,0.2,0.3,256,128
0.12767452051447442,0.11952147229520743,0.11952147229520743,0.0005,32,0.3,0.3,256,64
0.12770274108062024,0.12030500100284326,0.1428960400526641,0.001,128,0.4,0.2,256,32
0.12774876986653352,0.11782419909376743,0.12925321239331536,0.001,32,0.4,0.3,256,64
0.12782613622849107,0.11774468947140897,0.12610062993452198,0.0005,128,0.3,0.2,64,128
0.12783629383183706,0.12048365144936507,0.12048365144936507,0.0005,64,0.3,0.3,64,128
0.1278592425375438,0.11760479879896503,0.1290647728938209,0.001,32,0.3,0.3,256,64
0.12787478080342624,0.11965615114520405,0.1242714092935905,0.0005,32,0.4,0.1,64,128
0.12787957729633187,0.11694190497240745,0.132152176839261,0.001,64,0.3,0.3,128,128
0.1278984387145668,0.12166778926478057,0.12985186291034104,0.0005,128,0.2,0.1,64,32
0.12789953883554114,0.11499590475539692,0.11499590475539692,0.0005,128,0.3,0.3,128,128
0.12790582942322265,0.11684460617786596,0.13143953052926655,0.001,32,0.3,0.2,128,32
0.1279312532733787,0.11994517132763036,0.12504529010904722,0.0005,32,0.3,0.2,128,64
0.1279367976567962,0.12020522836318687,0.12459884257602298,0.001,64,0.4,0.1,64,128
0.1280261613674893,0.11934406165618541,0.12102720310742204,0.0005,32,0.4,0.2,128,128
0.12804831002579362,0.11944561659312639,0.1278201066812531,0.001,128,0.4,0.3,64,32
0.12804904167280823,0.1263770175273301,0.12746439385609548,0.0005,128,0.3,0.3,64,32
0.1280584402443949,0.11872598793634698,0.1253586110374159,0.0005,64,0.3,0.2,128,128
0.12809416054447822,0.11622952620598896,0.12331907734398015,0.001,64,0.2,0.2,128,128
0.12813514391006517,0.12245381118591167,0.1356020950950867,0.0005,64,0.4,0.3,128,32
0.12813813202693813,0.11187030839138344,0.11769112590395037,0.001,128,0.3,0.1,256,64
0.12816889065602594,0.11798628345747625,0.11798628345747625,0.001,64,0.3,0.2,128,64
0.12821747184046045,0.1185213801535693,0.1203209421605118,0.001,32,0.2,0.2,64,128
0.12830151761612615,0.1237085127264015,0.12923119592765145,0.0005,64,0.2,0.3,256,32
0.1283116555041518,0.12275096367705952,0.12275096367705952,0.0005,64,0.3,0.2,64,64
0.1283132439925651,0.12481575908739705,0.13175025520738493,0.0005,64,0.3,0.2,64,32
0.12836434778965208,0.12167387698923261,0.1305318357161254,0.0005,32,0.4,0.3,64,128
0.12839596709313472,0.12158576636151834,0.12645463731663287,0.0005,32,0.2,0.3,256,32
0.12848777665087016,0.12227740662157043,0.1358610224748446,0.001,64,0.4,0.3,64,32
0.1284954057005811,0.11700346862727945,0.11700346862727945,0.0005,64,0.2,0.1,128,128
0.12849999741335544,0.12293084664655125,0.1250968213108453,0.001,32,0.3,0.1,256,128
0.12852749457536652,0.11546909858372585,0.12250008440214741,0.0005,32,0.3,0.1,128,64
0.12856547329269472,0.12306173243483559,0.13578259248713978,0.0005,128,0.3,0.1,64,32
0.12863604169000278,0.11647150961081844,0.11647150961081844,0.001,64,0.4,0.1,128,32
0.12866541596709705,0.11883461231090983,0.11958736034690357,0.001,128,0.3,0.1,128,64
0.12873594290461424,0.12079162975727034,0.13269700664134065,0.0005,64,0.3,0.3,128,128
0.12875089609672216,0.11909749229584844,0.13091164581046616,0.0005,64,0.2,0.1,128,32
0.12877592141511013,0.11570179438004728,0.14407696831421773,0.001,128,0.3,0.1,128,32
0.12881934983917503,0.11948563922042689,0.1251157266665096,0.001,64,0.3,0.2,64,128
0.1288301196349554,0.11632993016853806,0.1268368685417924,0.0005,64,0.3,0.1,256,64
0.12883663617136065,0.12095876487572331,0.13631987482432492,0.0005,32,0.2,0.1,256,32
0.1288969724015756,0.11807449303628985,0.13991545109955733,0.001,32,0.2,0.1,128,32
0.12894264797041238,0.11945123194662993,0.12660817475604616,0.0005,64,0.2,0.2,64,128
0.1289448118283729,0.11978102266049583,0.13160856733144807,0.001,64,0.3,0.2,64,64
0.12898217751221225,0.1179079886618232,0.12743544547764724,0.001,32,0.4,0.3,128,64
0.12900016821366697,0.11706858950336117,0.11706858950336117,0.001,32,0.2,0.3,64,32
0.1290013927258243,0.12190502164654496,0.12190502164654496,0.001,32,0.4,0.1,64,128
0.1290330635984082,0.12650015953281693,0.13053599514128747,0.0001,32,0.2,0.1,128,128
0.12904347501328733,0.11866096688098594,0.11866096688098594,0.001,128,0.3,0.3,64,128
0.12906284975734625,0.11697356489079058,0.12385683860783735,0.001,32,0.2,0.3,128,64
0.12914780168986517,0.11992293824095371,0.14744870266145912,0.001,64,0.2,0.1,256,32
0.12937076069599343,0.11787025199448767,0.14319522555701988,0.001,64,0.3,0.3,256,64
0.12941450387978357,0.11907254030142934,0.15359513005934472,0.001,64,0.3,0.3,64,128
0.1294996779935419,0.12501045673593017,0.12501045673593017,0.0005,32,0.4,0.2,64,32
0.12954560865548032,0.11802285250799716,0.13860723203863978,0.001,32,0.2,0.1,64,32
0.12967372600172386,0.12297810968316969,0.12793932537563513,0.0005,128,0.3,0.2,128,32
0.12972565174472234,0.1161587370698117,0.13925805306139072,0.001,32,0.4,0.2,256,64
0.12972791012037885,0.11866352316146055,0.11866352316146055,0.001,32,0.4,0.1,64,32
0.1297580325212635,0.1203727126121521,0.13420509693563962,0.001,128,0.4,0.2,64,64
0.12987815464331098,0.1155329064027337,0.13499582041639926,0.001,32,0.3,0.1,128,32
0.1298842970953613,0.1266205722435576,0.13424567524038378,0.0005,128,0.4,0.2,256,64
0.12990809266478562,0.11955307947456344,0.13538230844765656,0.0005,64,0.2,0.3,128,32
0.1299089203688724,0.11986332879332472,0.11986332879332472,0.001,32,0.2,0.1,128,128
0.12991734247227185,0.11997457569251295,0.1243697859224726,0.0005,128,0.4,0.3,128,64
0.12991974768190345,0.12224386943396458,0.12333636712436834,0.0005,32,0.4,0.3,128,64
0.1299242146990516,0.11627905723477198,0.11753607375070083,0.001,64,0.2,0.1,256,128
0.12992582355366378,0.12312924580984429,0.12312924580984429,0.0005,128,0.3,0.3,64,64
0.1299811428551339,0.11703294490979722,0.11703294490979722,0.001,32,0.2,0.1,256,32
0.12998489185434872,0.11654210750196801,0.11654210750196801,0.0005,128,0.3,0.2,128,128
0.12999341131980754,0.12187219121732003,0.1383088786493648,0.0005,64,0.4,0.3,256,32
0.13011424782847572,0.11900075986858241,0.12359849566763098,0.001,64,0.4,0.2,64,64
0.13012477283265966,0.11368161196674197,0.11368161196674197,0.001,32,0.2,0.3,128,128
0.13023977398502923,0.11982334038812267,0.1433890455148437,0.001,32,0.3,0.2,64,64
0.13028927569177523,0.12069577301952465,0.1277086426280747,0.001,32,0.4,0.3,64,64
0.13029911414650847,0.1216078877818486,0.12407643452656171,0.001,64,0.4,0.3,128,128
0.1302994873282338,0.12085025745236185,0.12085025745236185,0.0005,64,0.3,0.2,256,32
0.1303619712406446,0.12010315817988608,0.13286112907750547,0.0005,32,0.3,0.1,128,128
0.13036676788133036,0.1264555096811007,0.13048272598380886,0.0001,32,0.4,0.1,256,128
0.13039195347915994,0.11916574022986672,0.12904006880053803,0.001,32,0.3,0.1,128,128
0.1304161175352628,0.11912794802032534,0.11912794802032534,0.0005,128,0.2,0.3,128,32
0.13045694565723748,0.11877165420735178,0.1412115629054298,0.0005,64,0.2,0.3,256,64
0.13047897437633563,0.11155477831186342,0.11766642800047378,0.001,64,0.2,0.1,128,128
0.13048735095326566,0.11729263963778157,0.12362925184906022,0.001,32,0.3,0.1,64,64
0.13056825053347046,0.11836814800323534,0.1344579647887837,0.0005,64,0.2,0.1,256,32
0.13073146446677278,0.12255470793355595,0.12255470793355595,0.0005,64,0.4,0.2,64,64
0.13075912719176822,0.11872058041578482,0.11872058041578482,0.001,64,0.2,0.2,64,128
0.13091532583079063,0.11773687970539755,0.13619946201970753,0.0005,64,0.2,0.2,256,64
0.13093032558594853,0.12331593338369339,0.1342235794367869,0.0005,64,0.4,0.3,128,64
0.1309860794381662,0.11891087994348905,0.12533310591435629,0.0005,64,0.2,0.3,64,128
0.13099838989086388,0.11702845627365034,0.12009680157234846,0.0005,32,0.3,0.2,128,128
0.13101325511686074,0.11943877839352474,0.13363062079287757,0.001,64,0.2,0.3,128,64
0.13107216367421073,0.11867582126836146,0.14844181671861775,0.001,32,0.2,0.1,256,64
0.1312353338830727,0.11966589712037527,0.13166921949091037,0.001,32,0.4,0.1,64,64
0.13140508579936896,0.11833583341896041,0.12023602977148758,0.0005,32,0.3,0.1,64,64
0.13141066359340653,0.12389638016292871,0.12389638016292871,0.0005,64,0.4,0.3,64,128
0.131454401875823,0.11979692700234326,0.13123917838266072,0.0005,64,0.4,0.2,128,128
0.13146653119936463,0.12358452201135887,0.12952091975891886,0.0005,64,0.3,0.3,64,32
0.13158498551727327,0.12026984401601405,0.12291210040080645,0.0005,32,0.4,0.1,256,32
0.13164807824679642,0.11845086207074568,0.1281186892104543,0.0005,32,0.4,0.2,256,32
0.13174827784176701,0.12304530163441808,0.1256889552801601,0.0005,32,0.4,0.2,64,128
0.13178617791080277,0.11928851040434246,0.12961865161076064,0.001,32,0.3,0.3,128,128
0.13181526409693,0.11640941099194456,0.11712790231320484,0.001,32,0.2,0.2,128,32
0.13185648652147655,0.11550723804422647,0.1232431630088278,0.001,32,0.4,0.1,256,64
0.13185709788779582,0.11957514027426065,0.14406125912488985,0.0005,64,0.3,0.1,256,32
0.13199035553646482,0.1160484311624992,0.13364455128504224,0.001,64,0.2,0.3,64,128
0.13209000727361883,0.11729269560949862,0.13018072285681717,0.001,64,0.3,0.1,128,128
0.13226268492208038,0.12315902843578788,0.13304160815502,0.0005,32,0.2,0.1,64,32
0.13227036727115143,0.12419357717283501,0.13652936282975614,0.0005,64,0.4,0.2,256,64
0.13227116838097572,0.11770414287024293,0.13541442282066857,0.001,32,0.2,0.2,256,32
0.13235290017256066,0.12272268398241563,0.1299692711307983,0.0005,64,0.3,0.3,256,32
0.13235819003552446,0.12211369236638724,0.1298593206962278,0.001,32,0.4,0.2,64,32
0.13236297526635415,0.12218191514699912,0.143961487784366,0.0005,32,0.4,0.1,64,32
0.1323862978425182,0.12483835806612109,0.13402279869454806,0.0005,128,0.4,0.3,128,32
0.13244449316470092,0.12151710975391805,0.12903291510402665,0.001,32,0.2,0.3,64,64
0.1324639384042133,0.12085732897697402,0.12993776564263115,0.001,64,0.4,0.3,256,64
0.13247316443969398,0.12064601776521068,0.12520356913489744,0.0005,64,0.4,0.2,256,32
0.13249271045292704,0.11556797640875352,0.11966643691801827,0.001,64,0.2,0.1,64,32
0.13254702886150888,0.12156132910369842,0.13890377903157028,0.0005,32,0.4,0.3,256,32
0.13264052534768406,0.12877764716005521,0.1308852057011167,0.0001,32,0.2,0.2,128,128
0.13268923955884848,0.11719176850535652,0.14123723003243613,0.001,32,0.3,0.1,256,32
0.1327862969730511,0.11810833942299047,0.1267883826878445,0.001,32,0.4,0.2,128,128
0.13287937332037067,0.12445306420818833,0.14335050070581357,0.0005,64,0.4,0.1,128,32
0.13296962663654455,0.12054042056326039,0.1280509533960957,0.0005,64,0.3,0.3,256,64
0.13297682003896746,0.12334423377865651,0.12531907929748784,0.0005,128,0.4,0.1,256,32
0.1329919229977387,0.11937207125188891,0.12025381249090857,0.001,64,0.4,0.1,256,32
0.13304139790964908,0.12791235219748293,0.12999473780882162,0.0005,128,0.4,0.3,256,32
0.1330498256888546,0.12749214763524103,0.12749214763524103,0.0005,128,0.3,0.3,128,32
0.1330526971250526,0.12119143594764481,0.13457672103993162,0.001,32,0.4,0.3,64,128
0.13305318643731517,0.12061648806634027,0.13620041483197332,0.0005,32,0.4,0.1,256,64
0.13311914055923785,0.1294575343139408,0.13685506942474152,0.0001,32,0.2,0.3,128,64
0.13336181693579538,0.13048464106010996,0.13048464106010996,0.0001,32,0.2,0.1,256,128
0.13340579149175863,0.12730032620859927,0.12730032620859927,0.0005,128,0.2,0.3,64,32
0.13341033536910024,0.12459247962625558,0.12729485976425084,0.0005,32,0.3,0.2,64,64
0.13345537791567402,0.116504539235318,0.12351087751713666,0.0005,32,0.2,0.3,64,128
0.1334777722673968,0.11921175661658452,0.12183059093134463,0.0005,64,0.3,0.1,64,128
0.1335277199375728,0.11881666846019177,0.1288363167569657,0.001,64,0.2,0.1,128,64
0.1335578122168533,0.12388335433134362,0.12687721891590387,0.0005,64,0.2,0.3,64,64
0.13364045015913395,0.12477516555342792,0.13762269187564694,0.0005,32,0.4,0.2,64,64
0.13375041603056853,0.12517481817563703,0.1312023783333538,0.0005,32,0.2,0.3,64,32
0.13379292851390917,0.13065496200988116,0.13081211738349977,0.0001,32,0.2,0.2,256,128
0.1338765778694271,0.13017773554344808,0.133550494878499,0.0001,32,0.4,0.2,256,128
0.13387780663642018,0.11981809761159676,0.12787002485153104,0.001,64,0.4,0.1,128,64
0.13388646065819362,0.12341307214468963,0.1550004910831609,0.0005,32,0.3,0.1,64,128
0.13389401095957795,0.11687845939939673,0.1240077074771085,0.001,64,0.3,0.2,128,32
0.133896439097637,0.11787944200856626,0.13928853603433972,0.001,64,0.3,0.3,128,64
0.13390976530118065,0.12545106132499506,0.1488259481113465,0.0005,128,0.4,0.1,128,64
0.13398714156682828,0.12083791436488964,0.13704716063235417,0.0005,32,0.3,0.1,64,32
0.13405675331423103,0.12507761509950496,0.1253228107513475,0.0005,64,0.4,0.3,256,64
0.1341292117499123,0.13049831854040958,0.13322630512320305,0.0001,32,0.3,0.1,256,64
0.1341857261894163,0.11782290281589367,0.18075774868657765,0.001,64,0.4,0.3,256,32
0.1342469229309027,0.1316749893498322,0.1316749893498322,0.0001,32,0.4,0.2,128,128
0.1343127101904056,0.129378077070244,0.13122293902713744,0.0005,128,0.3,0.2,256,32
0.13435010902645175,0.11774731784566375,0.1386442458457198,0.001,64,0.2,0.3,128,128
0.1343502596821174,0.12180710737862863,0.12354730903979175,0.0005,32,0.4,0.3,128,32
0.13436930065682112,0.1212204391490822,0.13891137317438756,0.001,32,0.2,0.3,128,32
0.1344652047704074,0.12795452453380773,0.13015062244963055,0.0005,64,0.3,0.1,64,32
0.13456943036972985,0.11901952120021356,0.12151150211445556,0.0005,32,0.4,0.3,256,64
0.13461316070280788,0.12370374447796956,0.141853941866189,0.0005,32,0.4,0.3,64,64
0.13462849410851138,0.12266890101196352,0.14530263705687088,0.0005,64,0.4,0.2,128,32
0.13463899533857,0.12030707238134274,0.127830158919096,0.0005,32,0.2,0.3,64,64
0.1347056344459372,0.12080193163195918,0.13392053532206322,0.001,32,0.3,0.3,64,128
0.13473612927824014,0.13028535289951593,0.13028535289951593,0.0001,32,0.3,0.2,256,128
0.1347386895132459,0.12115016050082593,0.14243081039633632,0.0005,64,0.3,0.1,128,64
0.1347492788818257,0.12086164193951394,0.14438239614333004,0.001,64,0.2,0.3,128,32
0.13479802017985298,0.11835512537355265,0.1301941426455482,0.001,32,0.2,0.1,64,64
0.13485582571876936,0.1201313634918741,0.12622900892141437,0.001,64,0.3,0.1,64,32
0.1349274187664355,0.11948582523864162,0.1296032447337119,0.001,32,0.4,0.3,128,128
0.13504223758893566,0.12842572834496654,0.13008332711236537,0.0001,32,0.3,0.2,128,128
0.13505598112078737,0.11786675973495175,0.134120690428521,0.001,32,0.2,0.2,256,64
0.13511811233133325,0.12355958996725476,0.1534750453573613,0.001,32,0.3,0.2,256,32
0.13521362522170563,0.12971157057226196,0.12981863630827795,0.0005,32,0.3,0.3,128,32
0.13523979622347296,0.11896130353335507,0.15491429784081198,0.0005,32,0.3,0.3,64,128
0.13526049944733784,0.11882348441757447,0.12427283928167722,0.0005,32,0.3,0.3,128,64
0.13527633141387593,0.11655418011398355,0.12476178160137381,0.001,32,0.4,0.1,128,64
0.13528285468659124,0.12686302842310637,0.1369343334731977,0.0001,32,0.3,0.3,256,128
0.13542214402359376,0.13107231268582265,0.14414052763753685,0.0001,32,0.4,0.3,256,128
0.13543742435160747,0.13058349179211726,0.14391952842350833,0.0001,32,0.2,0.3,128,128
0.13544044385025325,0.12217571438590358,0.1394543635451104,0.001,64,0.4,0.3,128,32
0.13544865222262942,0.12101156677096343,0.12101156677096343,0.0005,32,0.3,0.2,128,32
0.1356160072518177,0.1254658753998944,0.12764883920794629,0.001,128,0.4,0.2,64,32
0.1356200364525201,0.1237621650588317,0.1237621650588317,0.0005,128,0.4,0.2,64,32
0.1357073581846785,0.13168867714395208,0.13168867714395208,0.0001,32,0.3,0.1,256,32
0.1357580327113305,0.12557204886655177,0.12950353875509962,0.001,32,0.4,0.3,128,32
0.1358649533519075,0.11813730955862801,0.1637451157343289,0.001,64,0.3,0.2,128,128
0.13588361131750848,0.11567977760448929,0.15744049785550962,0.001,64,0.2,0.1,64,128
0.13589035191934956,0.12577933972039498,0.1553025394985991,0.0005,32,0.4,0.3,64,32
0.13592094279640962,0.12132970982592953,0.14563119651611187,0.001,32,0.3,0.3,256,128
0.1360369110402982,0.1163720402343214,0.12025469048949312,0.001,64,0.3,0.1,64,128
0.13624807054346258,0.11712129777374346,0.15822022303569416,0.001,64,0.3,0.1,64,64
0.136279871912042,0.11825194665469414,0.16319656679945543,0.001,64,0.2,0.2,256,128
0.1363178635062265,0.1215545771535763,0.12158486967490724,0.001,64,0.4,0.2,256,32
0.13632927517260401,0.11863152491898576,0.13586817614056848,0.0005,64,0.2,0.2,256,32
0.13638635589317843,0.11661646927683807,0.12119933223921406,0.001,32,0.3,0.2,128,64
0.136489595990043,0.13189795354673686,0.13189795354673686,0.0001,32,0.3,0.1,64,64
0.13651484494243774,0.12377623687228881,0.14630610114040454,0.0005,32,0.4,0.2,256,64
0.13651688729435946,0.12163425624863175,0.14622660067455828,0.001,64,0.4,0.1,128,128
0.1367186915775961,0.12076731204740272,0.12980748146526083,0.001,64,0.3,0.3,256,32
0.1367275526454626,0.13088552241236712,0.13236922105728102,0.0001,32,0.2,0.3,256,128
0.13685008762173415,0.12102439614736345,0.12605889055354536,0.001,32,0.2,0.2,64,32
0.1368945755741813,0.12857884611965212,0.13369403822609216,0.0005,64,0.4,0.2,64,32
0.1370079175499845,0.12745024214598757,0.13409101427340311,0.0005,64,0.4,0.3,64,64
0.1370856502331978,0.12470242153268216,0.1330454781774647,0.0005,64,0.3,0.3,128,32
0.13732305649390888,0.13091654653761012,0.13535591605896793,0.0001,32,0.4,0.2,128,64
0.13754353139026104,0.13223107463934206,0.1364870014454215,0.0001,32,0.4,0.1,128,128
0.13769680602121945,0.116897717456926,0.12013932194345253,0.0005,32,0.3,0.1,256,64
0.13769690617918967,0.13033704687494876,0.13033704687494876,0.001,32,0.3,0.3,128,32
0.1377138478696839,0.12134849554127898,0.1431472036094705,0.0005,32,0.2,0.3,128,128
0.1377448519153043,0.12076540580712074,0.12933049061574226,0.001,64,0.4,0.2,128,64
0.13774852055656023,0.12332341105731065,0.15560761365023526,0.001,64,0.3,0.3,64,32
0.13783216227677242,0.13234818729856782,0.13234818729856782,0.0001,32,0.2,0.1,256,64
0.13791057312907268,0.12082592961339911,0.13086768932455828,0.001,32,0.2,0.2,64,64
0.1380899040228572,0.12753466498260654,0.12753466498260654,0.0001,32,0.3,0.1,256,128
0.13812509645238397,0.133707496376077,0.14530721085130677,0.0001,32,0.3,0.3,128,64
0.13812957428029327,0.12915127015993244,0.12915127015993244,0.0005,128,0.4,0.3,64,32
0.1381323822273696,0.12058099494739012,0.12058099494739012,0.001,64,0.3,0.3,64,64
0.1382737332878034,0.1177496421805098,0.12837171295950237,0.001,32,0.3,0.3,128,64
0.13835000554557708,0.1256509045841264,0.1518054135510179,0.0005,128,0.4,0.3,64,64
0.1384724314301467,0.13239538130804526,0.1346893421074083,0.0001,32,0.3,0.1,128,128
0.1384767083835996,0.11883151149454195,0.14354488278223462,0.001,64,0.4,0.2,64,32
0.13858992345938997,0.1356179890307513,0.13697550057872268,0.0001,32,0.2,0.1,128,64
0.13869990492162626,0.1202165972102772,0.1318920202368547,0.001,64,0.3,0.2,64,32
0.13881983258876918,0.12229260522102521,0.12599710966191016,0.001,32,0.2,0.3,256,32
0.1388591801147323,0.13528715086377358,0.1423269531512556,0.0001,32,0.2,0.2,128,64
0.13949613435701888,0.11760723541590794,0.1894633481817797,0.001,64,0.3,0.1,256,32
0.13955182666497784,0.1348989697342569,0.14093445420018896,0.0001,32,0.2,0.1,64,32
0.13963953552167277,0.13443049437497273,0.13619150439939223,0.0001,32,0.4,0.3,256,64
0.13971963199702175,0.1316021259966468,0.1371936799327204,0.0001,32,0.2,0.1,64,64
0.13977366419863108,0.12167253160525944,0.12675623805069727,0.001,64,0.4,0.1,256,64
0.13985747185127795,0.1223720322278413,0.12560676709433233,0.0005,32,0.3,0.3,256,128
0.13990179025683522,0.12144774777337539,0.12463119730722806,0.001,64,0.4,0.2,64,128
0.1401051966180979,0.13646567557468886,0.14138871942423592,0.0001,32,0.3,0.1,128,64
0.14011562196922694,0.13509848418314596,0.13624178990721703,0.0001,32,0.3,0.3,128,128
0.14016846776131758,0.13284358191342394,0.13875119123330787,0.0001,32,0.2,0.2,64,128
0.14020358559267582,0.1308852916906688,0.1355994710744905,0.0005,64,0.2,0.3,64,32
0.14039523514095417,0.11741944821166599,0.18831266296550261,0.001,32,0.2,0.1,256,128
0.14045958587945986,0.13307626416121632,0.14054949951073356,0.0001,64,0.3,0.2,256,128
0.1405858319069518,0.13837811827171045,0.1391498954569707,0.0001,128,0.2,0.1,256,128
0.1406074724475707,0.13699357183881042,0.13970286571536183,0.0001,32,0.3,0.2,128,64
0.14068886936326655,0.12021251734007489,0.12991858720163668,0.0005,32,0.4,0.1,128,32
0.14076438895926988,0.1208535264099925,0.1385819588072044,0.001,64,0.2,0.2,64,32
0.14096450056295748,0.11982738783906315,0.15734536505558275,0.001,32,0.2,0.3,256,64
0.1410667956244847,0.13418555398248444,0.14198929194576485,0.0001,32,0.4,0.2,128,32
0.14108928462321108,0.1302853936006215,0.14314835992726413,0.0001,32,0.2,0.3,256,64
0.1412733898428846,0.13451331114966023,0.14340538291399144,0.0001,32,0.2,0.3,256,32
0.1413039427158261,0.11884425247996307,0.12082875362974553,0.0005,32,0.3,0.3,256,32
0.14131422013906408,0.13310438964115687,0.1416111223338064,0.0001,32,0.3,0.3,256,32
0.1414394817384314,0.13434012831488917,0.13434012831488917,0.0001,32,0.3,0.2,256,64
0.14173175362516038,0.13473036324928614,0.13473036324928614,0.0001,64,0.2,0.2,256,128
0.1418564818984221,0.11874026749744888,0.20665543261638358,0.0005,64,0.2,0.1,64,128
0.14195636198663514,0.12202372626701663,0.20765165030217367,0.0005,32,0.4,0.1,64,64
0.1419604685311475,0.11626495741123011,0.11647688024792789,0.001,64,0.3,0.1,256,64
0.1419944039492075,0.13798818885048558,0.13798818885048558,0.0001,32,0.2,0.3,64,128
0.14213938861469594,0.13609849870943827,0.14145457830803454,0.0001,32,0.3,0.1,64,32
0.14214640378582577,0.11458231324006703,0.19700726903667135,0.001,32,0.2,0.1,128,64
0.14233652879137637,0.1347138034410713,0.14380727446645744,0.0001,32,0.4,0.2,256,64
0.14247854110007446,0.12142686145611045,0.12842229116430953,0.0005,32,0.2,0.3,128,32
0.1426218331106438,0.13837312512900218,0.14082749154080043,0.0001,32,0.3,0.2,128,32
0.14264136227078675,0.13739153542671323,0.13739153542671323,0.0001,32,0.3,0.3,64,128
0.1426846141164953,0.13616828367976117,0.13616828367976117,0.0001,32,0.2,0.1,64,128
0.14277929287434607,0.11868758927568916,0.12398924333743813,0.0005,32,0.3,0.1,128,32
0.14293153753950577,0.1354088435673024,0.14210632942185913,0.0001,32,0.4,0.1,128,64
0.14312221880786677,0.13931806345493342,0.13931806345493342,0.0001,32,0.3,0.1,128,32
0.14326278590096914,0.1226129845277337,0.1297025580174667,0.0005,32,0.3,0.3,64,32
0.14327408203408737,0.13876288427301675,0.13876288427301675,0.0001,64,0.2,0.1,256,128
0.14328463313377596,0.11880948828641048,0.1371069093627378,0.001,32,0.3,0.1,64,128
0.14331552355496352,0.1401953182437203,0.1465041147283286,0.0001,64,0.3,0.2,256,64
0.1433487439574289,0.13664922900190038,0.13664922900190038,0.0001,64,0.2,0.3,128,128
0.14345740366819476,0.13759832761504434,0.14016056371745,0.0001,32,0.3,0.2,64,128
0.14357466181078232,0.14113484101354584,0.1414333351018015,0.0001,32,0.2,0.2,64,32
0.1437488130917234,0.13081841330882932,0.13081841330882932,0.0001,32,0.3,0.3,256,64
0.1438033438172222,0.13827000496801267,0.13827000496801267,0.0001,64,0.2,0.2,128,128
0.14410232828298875,0.14214895927339546,0.14214895927339546,0.0001,32,0.4,0.1,64,32
0.14427070944023526,0.12990267229966881,0.15472669443808312,0.0005,64,0.4,0.3,64,32
0.14452772719924117,0.13220906993451198,0.13220906993451198,0.0001,32,0.2,0.2,256,32
0.14456873936347725,0.14001103681473692,0.1427342812877056,0.0001,64,0.2,0.2,256,32
0.14469123858311947,0.1161553955152015,0.12989511728779343,0.001,64,0.2,0.3,256,128
0.14469573343834602,0.13956148001896448,0.1440008063146398,0.0001,32,0.2,0.2,64,64
0.14475540372212073,0.14190025110382679,0.1430268384331514,0.0001,64,0.2,0.1,256,64
0.144993241525386,0.13777782983523756,0.15153651198079762,0.0001,64,0.4,0.1,256,128
0.14513669767655618,0.14269490980289198,0.14269490980289198,0.0001,32,0.4,0.3,64,32
0.14520531204983222,0.13822092365257996,0.1441220439785768,0.0001,32,0.2,0.3,128,32
0.14526931923036732,0.14088161499047083,0.14247234184141003,0.0001,64,0.4,0.3,128,128
0.14529430326379714,0.14144029724793356,0.14144029724793356,0.0001,128,0.2,0.2,256,128
0.14533953657450754,0.13710665659717292,0.15093931832835694,0.0001,32,0.3,0.1,64,128
0.14537358982257603,0.13771127912500672,0.13771127912500672,0.0001,32,0.2,0.2,256,64
0.14545501477894235,0.1411448566884291,0.14361808265818923,0.0001,128,0.3,0.1,256,128
0.14554285460636635,0.143387349337832,0.1450558160701074,0.0001,32,0.3,0.2,64,32
0.14556402083147657,0.11894521345038059,0.14708858586786208,0.0005,32,0.2,0.1,64,64
0.14585883378489944,0.14098648776200193,0.14098648776200193,0.0001,64,0.2,0.3,256,128
0.14589231968664926,0.1427482960761086,0.14294235476038672,0.0001,64,0.2,0.3,64,64
0.14595118371292579,0.12358011453112294,0.13408867411377015,0.001,32,0.2,0.3,64,128
0.14606105622427523,0.14162365439509558,0.14162365439509558,0.0001,32,0.4,0.2,256,32
0.14618886502321102,0.12363832388535019,0.152039978622405,0.001,64,0.2,0.3,64,64
0.14631733701002497,0.14180829086579566,0.14180829086579566,0.0001,64,0.4,0.1,64,128
0.14691933610838306,0.14534809135577895,0.14793810756369072,0.0001,32,0.3,0.3,128,32
0.14709030995684222,0.14190551632445705,0.1472970243574174,0.0001,64,0.3,0.1,128,128
0.147119499379692,0.14095452006075007,0.14095452006075007,0.0001,32,0.3,0.3,64,32
0.14716258789143283,0.14324871801640376,0.14356065806278512,0.0001,64,0.2,0.2,64,128
0.14726630365552978,0.1381803439422087,0.14892789653756403,0.0001,32,0.4,0.1,64,128
0.1472773578787638,0.14020674989735785,0.14993437829096457,0.0001,64,0.2,0.1,128,128
0.1472843423485756,0.1436433770128938,0.14794977155865216,0.0001,128,0.2,0.3,256,128
0.1474214893727263,0.14102295145761867,0.14954253390800853,0.0001,64,0.4,0.3,256,128
0.14742894511946963,0.14248506586290588,0.14996100201710197,0.0001,32,0.4,0.3,64,128
0.14751587309374298,0.13698412905916696,0.15446416263984256,0.0001,32,0.2,0.1,256,32
0.14764243523813478,0.14203056052696605,0.14877548031816798,0.0001,32,0.2,0.2,128,32
0.14768978396723093,0.1392279291017489,0.14764257311082082,0.0001,32,0.3,0.2,64,64
0.14792192541673538,0.14445702414043615,0.14445702414043615,0.0001,128,0.3,0.1,256,64
0.14808722414261052,0.11857532605159381,0.1454285964492924,0.001,64,0.2,0.1,128,32
0.14814075315294187,0.1409834921360016,0.14191143676515452,0.0001,32,0.4,0.3,128,128
0.1481668289412152,0.12003386544048293,0.18377365898494877,0.001,64,0.2,0.1,64,64
0.14818434019472976,0.14155147889675188,0.15449419629967903,0.0001,64,0.3,0.1,256,64
0.14829804028484447,0.14444842617496972,0.14704075369460523,0.0001,32,0.4,0.2,64,128
0.1483347359459755,0.11959172111035378,0.12071948544668758,0.0005,32,0.3,0.2,256,32
0.1484690146813215,0.13234059709655352,0.13706887559580408,0.0001,32,0.3,0.2,256,32
0.1487208254573759,0.1425756238216211,0.14405600504934296,0.0001,64,0.2,0.3,256,64
0.14876619199337054,0.14375303322372357,0.14665236354859407,0.0001,64,0.3,0.2,64,128
0.1488644650775539,0.13780922516564692,0.13780922516564692,0.0001,64,0.3,0.1,256,128
0.14891215573903943,0.13952075751606097,0.13952075751606097,0.0001,32,0.2,0.3,64,64
0.14904092398803095,0.11765431754352633,0.15009309363759255,0.001,32,0.4,0.3,256,128
0.14906590739188114,0.14076456880150748,0.14133497700095177,0.0001,32,0.4,0.3,256,32
0.1492270929877423,0.14105485835351234,0.1428588462516296,0.0001,32,0.4,0.3,128,64
0.14924036920193798,0.12438676641746,0.13437174679326616,0.001,32,0.4,0.2,128,64
0.14928285814513848,0.1415566938721444,0.1415566938721444,0.0001,64,0.3,0.3,128,128
0.14937323542419545,0.11746696924621408,0.17461204171673325,0.001,32,0.2,0.1,64,128
0.14938828216727115,0.14136250504900602,0.14136250504900602,0.0001,32,0.4,0.3,128,32
0.1494175574195779,0.144624107971418,0.144624107971418,0.0001,32,0.3,0.3,64,64
0.14964215087989147,0.1459735750166838,0.1470004667427914,0.0001,64,0.4,0.2,256,128
0.1497551626410366,0.1467779286759944,0.1467779286759944,0.0001,64,0.3,0.2,128,32
0.14979949407587365,0.13558491842805848,0.1494171217022356,0.0001,32,0.4,0.1,256,64
0.14996327491568737,0.14660986635040063,0.14660986635040063,0.0001,128,0.4,0.2,256,128
0.15012719239577774,0.14531182608574875,0.15145379822116253,0.0001,64,0.3,0.1,128,64
0.15022607407540328,0.14259252229259034,0.16788679041153143,0.0001,64,0.2,0.2,256,64
0.15022890672820513,0.14693591597138858,0.14693591597138858,0.0001,128,0.3,0.2,256,128
0.15027834486123942,0.1474505052093632,0.14774139899729696,0.0001,32,0.4,0.2,64,64
0.15045495179812768,0.1427684782827196,0.1527525091713125,0.0001,64,0.2,0.1,64,128
0.1505057526275146,0.1215149322447698,0.1224946730947199,0.001,32,0.3,0.3,64,32
0.15052390737720758,0.14523219920633254,0.14696441874031194,0.0001,64,0.2,0.3,256,32
0.15060664545898597,0.144327270097969,0.1476263685906229,0.0001,64,0.4,0.2,256,64
0.1507322673216339,0.14039233015957941,0.1580119454417347,0.0001,32,0.4,0.1,64,64
0.15079663166822482,0.13902114488738626,0.15192976135237157,0.0001,32,0.2,0.1,128,32
0.15100477733572976,0.14794422869311005,0.15187846246312875,0.0001,128,0.4,0.1,256,64
0.1511902456889387,0.1484471911289653,0.1485384678254362,0.0001,128,0.3,0.1,128,128
0.1512206362407716,0.14754421483786379,0.14754421483786379,0.0001,128,0.4,0.1,256,128
0.15133496298164617,0.14844361704881073,0.14844361704881073,0.0001,128,0.2,0.3,128,128
0.15140484935981185,0.1479112319956141,0.1494667307158147,0.0001,64,0.4,0.3,256,64
0.15144779068871964,0.143020749030527,0.1585094417668571,0.0001,64,0.4,0.1,128,128
0.15162156945910338,0.14282161533093649,0.1523371093775615,0.0001,64,0.3,0.3,256,64
0.15170533967412209,0.14621240781112152,0.15637668844096916,0.0001,64,0.3,0.3,128,64
0.15176526061759507,0.14772126638938574,0.14868835242819195,0.0001,64,0.2,0.2,128,64
0.15196820008950157,0.14961573970122416,0.14961573970122416,0.0001,128,0.3,0.3,128,128
0.15216443401353416,0.13968594135208565,0.1409389557670956,0.0001,32,0.4,0.1,256,32
0.15218575936703643,0.1478983580080931,0.1499409929287335,0.0001,64,0.2,0.1,64,64
0.15259078980469315,0.1492880573038195,0.15441378511366297,0.0001,128,0.3,0.2,128,128
0.15261872928004622,0.14881925888297973,0.15558744351233333,0.0001,64,0.2,0.3,64,128
0.15317941338809066,0.14699393384589637,0.15708591869054747,0.0001,32,0.4,0.3,64,64
0.1533958066347217,0.14939905001112253,0.1601251634684476,0.0001,64,0.4,0.1,128,64
0.15347563242616732,0.1484391431916844,0.1484391431916844,0.0001,64,0.2,0.1,64,32
0.15422914533083104,0.1501622725863102,0.15050585543321185,0.0001,64,0.3,0.3,64,64
0.15457448067743915,0.14727933569387955,0.14727933569387955,0.0001,64,0.3,0.1,64,32
0.15508625132978454,0.14475183367482886,0.14475183367482886,0.0001,64,0.4,0.2,64,64
0.1551086481233112,0.15355324354328093,0.15355324354328093,0.0001,128,0.2,0.1,64,128
0.15513290430396057,0.15141526702021765,0.1532686459870378,0.0001,64,0.4,0.1,128,32
0.15539177738684268,0.1475400591561617,0.15168348114845182,0.0001,64,0.2,0.3,128,64
0.1554079965001247,0.15335014780036738,0.15335014780036738,0.0001,128,0.4,0.2,256,64
0.15553251135447793,0.14535014593034737,0.15464081301176844,0.0001,32,0.4,0.1,128,32
0.15556563520040667,0.15163624506504808,0.15163624506504808,0.0001,128,0.2,0.3,64,128
0.15557145666880684,0.15128045956619451,0.15128045956619451,0.0001,128,0.2,0.2,128,64
0.15561714206845306,0.15020685328924951,0.15020685328924951,0.0001,64,0.2,0.1,128,64
0.1557965972873031,0.15089798169057878,0.15089798169057878,0.0001,128,0.3,0.1,128,64
0.15592607860682442,0.15297638685976872,0.154206391485011,0.0001,128,0.3,0.3,256,128
0.15606949308440704,0.12497975834268184,0.12618050173171297,0.0005,32,0.2,0.2,64,32
0.15625690864629985,0.15126233591028482,0.16084716672247107,0.0001,64,0.4,0.2,128,64
0.15626496433234605,0.15299625963461203,0.15350896486493407,0.0001,128,0.2,0.1,128,128
0.15640266026593436,0.14896567566089394,0.17619943618774414,0.0001,64,0.3,0.1,128,32
0.15642742428405226,0.14839789456079813,0.16005428381695236,0.0001,64,0.3,0.2,128,128
0.1564660825389476,0.1498500214012201,0.1527178902025065,0.0001,64,0.3,0.2,64,64
0.15658129226447137,0.1254878187906151,0.1419010444982978,0.001,32,0.4,0.3,64,32
0.1567975804086559,0.14985631110747,0.16088840636340054,0.0001,64,0.2,0.1,128,32
0.15706369736470466,0.15220649023193958,0.15220649023193958,0.0001,64,0.3,0.3,128,32
0.1571058481443124,0.15426039793452279,0.15426039793452279,0.0001,128,0.3,0.2,128,64
0.15732906232934354,0.15137276379776396,0.15137276379776396,0.0001,64,0.3,0.3,64,128
0.15742878742700767,0.14857954519593025,0.15840806337920102,0.0001,64,0.4,0.3,256,32
0.15745306992139974,0.1556327338101434,0.1556327338101434,0.0001,128,0.4,0.3,256,64
0.15749440355734393,0.1530463366715376,0.1534369676566321,0.0001,64,0.3,0.2,256,32
0.15764825231716278,0.15305721222377214,0.15305721222377214,0.0001,128,0.2,0.3,128,64
0.15796760116234299,0.14604897316822335,0.14604897316822335,0.0001,64,0.3,0.2,128,64
0.15806798415243134,0.15061185453548903,0.1625007674221165,0.0001,64,0.3,0.1,64,128
0.15811810025498887,0.15283882082247538,0.15283882082247538,0.0001,64,0.3,0.1,64,64
0.1581827255566258,0.1525946737320955,0.15360140270930678,0.0001,64,0.4,0.3,64,64
0.15832219006585294,0.15404133620809335,0.15404133620809335,0.0001,128,0.4,0.3,256,128
0.1586728337382482,0.14680481745191842,0.16427706255893076,0.0001,64,0.4,0.2,256,32
0.15872066588687503,0.15391354349033892,0.15641063310144362,0.0001,64,0.4,0.1,256,32
0.15874152006196582,0.15603625515768352,0.15941455098223095,0.0001,64,0.4,0.2,128,32
0.1588019232858311,0.15414128717312142,0.15414128717312142,0.0001,64,0.2,0.2,64,64
0.15884780433059725,0.1555411904311377,0.1614989985611813,0.0001,64,0.4,0.2,128,128
0.15888759188415588,0.1533886076005037,0.16606110950146824,0.0001,64,0.4,0.1,64,64
0.15899041708835887,0.15630794310372723,0.1606958411202943,0.0001,64,0.3,0.2,64,32
0.1591715447296781,0.14955108107860424,0.16032083209388512,0.0001,64,0.4,0.1,256,64
0.15922742769366405,0.1544749179824454,0.1544749179824454,0.0001,128,0.2,0.2,128,128
0.1592750811185993,0.15613705383949592,0.15613705383949592,0.0001,128,0.3,0.3,256,64
0.1594942608401795,0.15547106790641121,0.1607619067115232,0.0001,64,0.4,0.2,64,128
0.15967224730440405,0.1539838140414766,0.1575366338668776,0.0001,64,0.3,0.3,256,32
0.15977309453682823,0.15649751073024312,0.15767924047884394,0.0001,128,0.2,0.2,256,32
0.1597861450565748,0.14536153158742535,0.15546323001877335,0.0001,32,0.2,0.3,64,32
0.15980665019301116,0.15681966015549956,0.15681966015549956,0.0001,128,0.4,0.1,128,64
0.1603694972444753,0.15634262488513698,0.15634262488513698,0.0001,128,0.3,0.3,128,64
0.16084889168622063,0.15913038395467352,0.16348334243063067,0.0001,128,0.4,0.3,128,128
0.16086824187808785,0.1505636670742153,0.1668412878432057,0.0001,32,0.4,0.2,64,32
0.16095912860444755,0.15825056992779094,0.16014900717360914,0.0001,64,0.2,0.3,64,32
0.16103823507418397,0.15819178643773812,0.1640328808886106,0.0001,128,0.4,0.1,256,32
0.16122559148910617,0.1480803809875299,0.1480803809875299,0.0001,64,0.2,0.2,128,32
0.16139352194598464,0.1597984477144773,0.15999987868011975,0.0001,128,0.3,0.1,64,128
0.1614980919794603,0.15325767676199764,0.16050976798061498,0.0001,64,0.2,0.2,64,32
0.16189126118284758,0.15881396732369407,0.1625383938433694,0.0001,128,0.2,0.1,256,64
0.16211705110112176,0.15630848559199786,0.15630848559199786,0.0001,128,0.4,0.3,128,64
0.16212205012313655,0.15717635340377933,0.15717635340377933,0.0001,128,0.3,0.2,256,64
0.1626847926710473,0.15762000982878638,0.15762000982878638,0.0001,128,0.2,0.3,64,64
0.16274364019026522,0.15897130404339463,0.1661112567440408,0.0001,128,0.4,0.1,128,128
0.1630111664533615,0.15934796167201684,0.15934796167201684,0.0001,128,0.2,0.2,256,64
0.16412150283490332,0.1569579818770905,0.16735649047311674,0.0001,64,0.4,0.3,64,128
0.1643099793964181,0.15930850077266537,0.16013560327124005,0.0001,64,0.4,0.3,128,64
0.16466613387273363,0.1577196768985307,0.17699624413301138,0.0001,64,0.2,0.1,256,32
0.1647952574343721,0.15381327961102004,0.1647121111962421,0.0001,64,0.3,0.1,256,32
0.16488482639437815,0.15997603950930422,0.15997603950930422,0.0001,128,0.3,0.2,128,32
0.16494340041944802,0.16276573088050875,0.16276573088050875,0.0001,64,0.4,0.1,64,32
0.16522196252815063,0.1606495746823608,0.1606495746823608,0.0001,128,0.2,0.1,64,64
0.16538143744234177,0.16303109707402402,0.16303109707402402,0.0001,128,0.4,0.1,64,128
0.16564527491077047,0.16339027099922054,0.16339027099922054,0.0001,128,0.3,0.2,64,64
0.16575954072788116,0.16345183795592824,0.16630789271143617,0.0001,128,0.4,0.2,128,64
0.16617014823389836,0.15946859536600894,0.15946859536600894,0.0001,128,0.2,0.2,64,128
0.1664734843324442,0.1609107578387026,0.1609107578387026,0.0001,128,0.3,0.1,256,32
0.16655074675552178,0.16120020410076516,0.16120020410076516,0.0001,128,0.3,0.2,64,128
0.16782266981289035,0.16412817601297722,0.16412817601297722,0.0001,128,0.3,0.3,256,32
0.16852156793484924,0.16650026987810604,0.16704789097191858,0.0001,128,0.4,0.2,128,128
0.168527957894763,0.16444064872186692,0.16444064872186692,0.0001,128,0.3,0.1,128,32
0.16870598636689732,0.16774589556162475,0.16792015389340822,0.0001,128,0.4,0.2,64,128
0.1687635740784348,0.16615370428953014,0.16692111824379594,0.0001,128,0.4,0.3,64,128
0.1688788682710929,0.16105612086468055,0.16105612086468055,0.0001,128,0.2,0.3,256,64
0.1688941924778883,0.1499427524972553,0.14996049349958246,0.0001,64,0.3,0.3,256,128
0.17045640470075213,0.16803953223977208,0.1691924276923345,0.0001,64,0.3,0.3,64,32
0.17052578078813788,0.15991641999768816,0.1661937659190706,0.0001,64,0.4,0.3,64,32
0.17068889463534123,0.16804890188037372,0.17017624124151762,0.0001,128,0.2,0.1,128,64
0.1724721213344668,0.1679937622097672,0.17724124598698537,0.0001,128,0.3,0.3,128,32
0.1729288115364606,0.1711520183770383,0.17198489313242865,0.0001,128,0.2,0.2,128,32
0.17363480243308485,0.17133056058371363,0.17605516708586827,0.0001,64,0.2,0.3,128,32
0.1739506549522525,0.16986055843165662,0.16986055843165662,0.0001,128,0.3,0.1,64,32
0.17637605510774207,0.1694068955104859,0.1694068955104859,0.0001,128,0.2,0.2,64,64
0.17667925592328682,0.1734346405404513,0.1734346405404513,0.0001,128,0.4,0.1,128,32
0.17716538725329228,0.16858714623529403,0.1776256302341086,0.0001,128,0.2,0.3,256,32
0.17746731643794011,0.1718806556013764,0.1718806556013764,0.0001,128,0.3,0.3,64,128
0.1780452799698538,0.16736492477665263,0.1712139913858461,0.0001,64,0.4,0.2,64,32
0.18016437638978489,0.17372703698814893,0.17372703698814893,0.0001,128,0.2,0.1,64,32
0.18043431239049942,0.1744779724566663,0.1744779724566663,0.0001,128,0.2,0.3,64,32
0.18167931647574315,0.1762877846838998,0.1762877846838998,0.0001,128,0.4,0.3,64,64
0.1821177013584825,0.17828480142061828,0.17983441079249146,0.0001,128,0.4,0.2,64,64
0.18229630020531742,0.17237488149611419,0.17810702607158788,0.0001,64,0.4,0.3,128,32
0.18250317510034214,0.17721796206763532,0.17721796206763532,0.0001,128,0.4,0.1,64,64
0.1831439850760288,0.17943259682811674,0.17943259682811674,0.0001,128,0.3,0.1,64,64
0.18545548862121147,0.17892976984625958,0.17892976984625958,0.0001,128,0.2,0.2,64,32
0.18607495568814825,0.17988864833214244,0.1805022090184884,0.0001,128,0.4,0.1,64,32
0.18871394283458834,0.18424836118690302,0.18424836118690302,0.0001,128,0.3,0.2,64,32
0.18910842186114826,0.1827516866023423,0.1827516866023423,0.0001,128,0.2,0.3,128,32
0.18918254526912187,0.18488014257345042,0.18488014257345042,0.0001,128,0.4,0.3,128,32
0.19224490992358473,0.17901924472363268,0.17901924472363268,0.0001,128,0.4,0.2,256,32
0.1925088346004486,0.18685969563781238,0.18769662082195282,0.0001,128,0.4,0.2,64,32
0.19352822694622102,0.18670616164559223,0.18670616164559223,0.0001,128,0.2,0.1,256,32
0.19558871588746057,0.19224419505869755,0.1926970176520895,0.0001,128,0.2,0.1,128,32
0.19569310101329304,0.18833831807629006,0.18833831807629006,0.0001,128,0.3,0.2,256,32
0.19812614067656095,0.18978584130279352,0.18978584130279352,0.0001,128,0.4,0.3,64,32
0.20072324642392453,0.19222347975754348,0.19599334846754543,0.0001,128,0.3,0.3,64,32
0.2349850978519096,0.22703271688985044,0.23322404334779645,0.0001,128,0.4,0.2,128,32
0.24166844482304622,0.22138583489128802,0.22138583489128802,0.0001,128,0.4,0.3,256,32
0.24215002313989106,0.23394118518125814,0.23394118518125814,0.0001,128,0.3,0.3,64,64
